archetype,all
A0,0.7196162046908315
A1,2.758528784648188
A2,52.86513859275053
A3,22.44136460554371
A4,0.06663113006396588
A5,3.851279317697228
A6,17.297441364605543
